model,accuracy,prediction_time_ms
fast_text,0.8840700583819849,0.029966968412295892
cnn,0.8953294412010009,0.11341357052177066
lstm,0.9015846538782318,0.4287630046179535
gru,0.8990825688073395,0.8288644769969238
bert,0.9136780650542119,40.42239543097133
bert_lstm,0.7543799435123759,43.04416516343123
