模型名称,验证损失,准确率(Acc),精确率(Prec),召回率(Rec),F1分数,平均推理时间(ms/条)
MLP,0.9112681076005326,0.8445336008024072,0.8130841121495327,0.6953046953046953,0.7495961227786753,0.13657167817947657
CNN,0.3404085775535268,0.8732865262454029,0.8322649572649573,0.7782217782217782,0.8043366029943211,2.7889803634842516
LSTM,0.33487242460749056,0.8682714811099966,0.8211640211640212,0.7752247752247752,0.7975334018499486,1.8896217212275255
GRU,0.3324027464705461,0.8662654630558342,0.8186638388123012,0.7712287712287712,0.7942386831275721,4.829694976857656
